{
  "lang":"en",
  "name":"pipeline",
  "version":"0.0.0",
  "spacy_version":">=3.7.2,<3.8.0",
  "description":"",
  "author":"",
  "email":"",
  "url":"",
  "license":"",
  "spacy_git_version":"a89eae928",
  "vectors":{
    "width":0,
    "vectors":0,
    "keys":0,
    "name":null,
    "mode":"default"
  },
  "labels":{
    "tok2vec":[

    ],
    "ner":[
      "B-DES",
      "B-EMAIL",
      "B-NAME",
      "B-ORG",
      "B-PHOE",
      "B-PHONE",
      "B-WEB",
      "DES",
      "EMAIL",
      "I-DE",
      "I-DES",
      "I-EMAIL",
      "I-NAME",
      "I-OR",
      "I-ORG",
      "I-PHONE",
      "I-WEB",
      "NAME",
      "ORG",
      "PHONE",
      "WEB"
    ]
  },
  "pipeline":[
    "tok2vec",
    "ner"
  ],
  "components":[
    "tok2vec",
    "ner"
  ],
  "disabled":[

  ],
  "performance":{
    "ents_f":0.6680244399,
    "ents_p":0.7008547009,
    "ents_r":0.6381322957,
    "ents_per_type":{
      "B-PHONE":{
        "p":0.7058823529,
        "r":0.6,
        "f":0.6486486486
      },
      "I-PHONE":{
        "p":0.4642857143,
        "r":0.5909090909,
        "f":0.52
      },
      "I-NAME":{
        "p":0.78125,
        "r":0.7575757576,
        "f":0.7692307692
      },
      "B-DES":{
        "p":0.6875,
        "r":0.7857142857,
        "f":0.7333333333
      },
      "I-DES":{
        "p":0.7333333333,
        "r":0.6875,
        "f":0.7096774194
      },
      "B-EMAIL":{
        "p":0.8,
        "r":0.7272727273,
        "f":0.7619047619
      },
      "I-EMAIL":{
        "p":0.8571428571,
        "r":0.5454545455,
        "f":0.6666666667
      },
      "B-NAME":{
        "p":0.8823529412,
        "r":0.7142857143,
        "f":0.7894736842
      },
      "B-ORG":{
        "p":0.3571428571,
        "r":0.2380952381,
        "f":0.2857142857
      },
      "I-ORG":{
        "p":0.7352941176,
        "r":0.5813953488,
        "f":0.6493506494
      },
      "B-WEB":{
        "p":1.0,
        "r":1.0,
        "f":1.0
      },
      "NAME":{
        "p":0.0,
        "r":0.0,
        "f":0.0
      },
      "I-WEB":{
        "p":0.0,
        "r":0.0,
        "f":0.0
      },
      "ORG":{
        "p":0.0,
        "r":0.0,
        "f":0.0
      }
    },
    "tok2vec_loss":473.1092656033,
    "ner_loss":422.0944429354
  }
}