{
  "lang":"en",
  "name":"pipeline",
  "version":"0.0.0",
  "spacy_version":">=3.7.2,<3.8.0",
  "description":"",
  "author":"",
  "email":"",
  "url":"",
  "license":"",
  "spacy_git_version":"a89eae928",
  "vectors":{
    "width":0,
    "vectors":0,
    "keys":0,
    "name":null,
    "mode":"default"
  },
  "labels":{
    "tok2vec":[

    ],
    "ner":[
      "B-DES",
      "B-EMAIL",
      "B-NAME",
      "B-ORG",
      "B-PHOE",
      "B-PHONE",
      "B-WEB",
      "DES",
      "EMAIL",
      "I-DE",
      "I-DES",
      "I-EMAIL",
      "I-NAME",
      "I-OR",
      "I-ORG",
      "I-PHONE",
      "I-WEB",
      "NAME",
      "ORG",
      "PHONE",
      "WEB"
    ]
  },
  "pipeline":[
    "tok2vec",
    "ner"
  ],
  "components":[
    "tok2vec",
    "ner"
  ],
  "disabled":[

  ],
  "performance":{
    "ents_f":0.6795698925,
    "ents_p":0.7596153846,
    "ents_r":0.6147859922,
    "ents_per_type":{
      "B-PHONE":{
        "p":0.7931034483,
        "r":0.575,
        "f":0.6666666667
      },
      "I-NAME":{
        "p":0.7575757576,
        "r":0.7575757576,
        "f":0.7575757576
      },
      "B-DES":{
        "p":0.9,
        "r":0.6428571429,
        "f":0.75
      },
      "I-DES":{
        "p":0.75,
        "r":0.75,
        "f":0.75
      },
      "B-EMAIL":{
        "p":0.8181818182,
        "r":0.8181818182,
        "f":0.8181818182
      },
      "I-EMAIL":{
        "p":0.8571428571,
        "r":0.5454545455,
        "f":0.6666666667
      },
      "I-PHONE":{
        "p":0.6315789474,
        "r":0.5454545455,
        "f":0.5853658537
      },
      "B-NAME":{
        "p":0.8666666667,
        "r":0.619047619,
        "f":0.7222222222
      },
      "B-ORG":{
        "p":0.4,
        "r":0.1904761905,
        "f":0.2580645161
      },
      "I-ORG":{
        "p":0.7142857143,
        "r":0.5813953488,
        "f":0.641025641
      },
      "B-WEB":{
        "p":1.0,
        "r":0.8461538462,
        "f":0.9166666667
      },
      "I-WEB":{
        "p":0.0,
        "r":0.0,
        "f":0.0
      },
      "ORG":{
        "p":0.0,
        "r":0.0,
        "f":0.0
      }
    },
    "tok2vec_loss":624.4055307999,
    "ner_loss":782.0246660704
  }
}